0,0x1602,CUS_0xd40,January,Aaron Maashoh,23,821-00-0265,Scientist,19114.12,1824.8433333333328,3,4,3,4,"Auto Loan, Credit-Builder Loan, Personal Loan, and Home Equity Loan",3,7,11.27,4.0,_,809.98,26.822619623699016,22 Years and 1 Months,No,49.57494921489417,80.41529543900253,High_spent_Small_value_payments,312.49408867943663,Good
